{
    "Alameda": {
        "GEOID": 6001,
        "NAME": "Alameda",
        "POPULATION_2010": 1510271,
        "HOUSING_2010": 582549,
        "LAND_AREA_SQ_METER": 1914046110,
        "LAND_AREA_SQ_MILES": 739.0169999999999,
        "LATITUDE": 37.648081,
        "LONGITUD": -121.91330400000001,
        "ZIP_CODES": [
            94550,
            94586,
            94551,
            94552,
            94539,
            94545,
            94587,
            94566,
            95391,
            94588,
            94538,
            94619,
            94568,
            94536,
            94560,
            95377,
            94555,
            94544,
            94546,
            94605,
            94577,
            94501,
            94621,
            94514,
            94541,
            94611,
            94607,
            94542,
            94578,
            94580,
            94705,
            94602,
            94603,
            94601,
            94579,
            94608,
            94502,
            94618,
            94606,
            94610,
            94710,
            94609,
            94706,
            94708,
            94703,
            94702,
            94707,
            94704,
            94612,
            94505,
            94720,
            94709,
            94613
        ]
    },
    "Contra Costa": {
        "GEOID": 6013,
        "NAME": "Contra Costa",
        "POPULATION_2010": 1049025,
        "HOUSING_2010": 400263,
        "LAND_AREA_SQ_METER": 1854268836,
        "LAND_AREA_SQ_MILES": 715.937,
        "LATITUDE": 37.919478999999995,
        "LONGITUD": -121.95154299999999,
        "ZIP_CODES": [
            94513,
            94517,
            94553,
            94565,
            94551,
            94514,
            94549,
            94506,
            94563,
            94561,
            94509,
            94505,
            94598,
            94588,
            94583,
            94526,
            94582,
            94521,
            94507,
            94556,
            95219,
            94803,
            94801,
            94531,
            94520,
            94806,
            94523,
            94804,
            94596,
            94564,
            94511,
            94547,
            94518,
            94595,
            94530,
            94519,
            94572,
            94597,
            94611,
            94548,
            94569,
            94525,
            94528,
            94708,
            94805,
            94516,
            94707,
            94575,
            94850,
            94706
        ]
    },
    "Marin": {
        "GEOID": 6041,
        "NAME": "Marin",
        "POPULATION_2010": 252409,
        "HOUSING_2010": 111214,
        "LAND_AREA_SQ_METER": 1347585521,
        "LAND_AREA_SQ_MILES": 520.306,
        "LATITUDE": 38.051817,
        "LONGITUD": -122.745974,
        "ZIP_CODES": [
            94952,
            94956,
            94946,
            94937,
            94945,
            94924,
            94940,
            94947,
            94941,
            94903,
            94930,
            94949,
            94965,
            94901,
            94971,
            94972,
            94938,
            94950,
            94904,
            94970,
            94920,
            94960,
            94973,
            94925,
            94963,
            94939,
            94957,
            94933,
            94929,
            94964
        ]
    },
    "Napa": {
        "GEOID": 6055,
        "NAME": "Napa",
        "POPULATION_2010": 136484,
        "HOUSING_2010": 54759,
        "LAND_AREA_SQ_METER": 1938247338,
        "LAND_AREA_SQ_MILES": 748.362,
        "LATITUDE": 38.507351,
        "LONGITUD": -122.32599499999999,
        "ZIP_CODES": [
            94558,
            94567,
            94574,
            94515,
            94559,
            94508,
            94503,
            94589,
            94599,
            94573,
            94576
        ]
    },
    "San Francisco": {
        "GEOID": 6075,
        "NAME": "San Francisco",
        "POPULATION_2010": 805235,
        "HOUSING_2010": 376942,
        "LAND_AREA_SQ_METER": 121399963,
        "LAND_AREA_SQ_MILES": 46.873000000000005,
        "LATITUDE": 37.727239000000004,
        "LONGITUD": -123.032229,
        "ZIP_CODES": [
            94124,
            94112,
            94132,
            94121,
            94116,
            94134,
            94122,
            94110,
            94129,
            94131,
            94118,
            94107,
            94127,
            94117,
            94114,
            94103,
            94109,
            94115,
            94123,
            94130,
            94133,
            94102,
            94158,
            94105,
            94111,
            94108,
            94104
        ]
    },
    "San Mateo": {
        "GEOID": 6081,
        "NAME": "San Mateo",
        "POPULATION_2010": 718451,
        "HOUSING_2010": 271031,
        "LAND_AREA_SQ_METER": 1161371825,
        "LAND_AREA_SQ_MILES": 448.408,
        "LATITUDE": 37.414664,
        "LONGITUD": -122.37154199999999,
        "ZIP_CODES": [
            94060,
            94062,
            94020,
            94019,
            94074,
            94044,
            94028,
            94010,
            94025,
            94080,
            94063,
            94014,
            94070,
            94066,
            94037,
            94015,
            94002,
            94403,
            94027,
            94402,
            94021,
            94005,
            94404,
            94061,
            94128,
            94030,
            94401,
            94303,
            94065,
            94038
        ]
    },
    "Santa Barbara": {
        "GEOID": 6083,
        "NAME": "Santa Barbara",
        "POPULATION_2010": 423895,
        "HOUSING_2010": 152834,
        "LAND_AREA_SQ_METER": 7083838022,
        "LAND_AREA_SQ_MILES": 2735.085,
        "LATITUDE": 34.537378000000004,
        "LONGITUD": -120.03848500000001,
        "ZIP_CODES": [
            93454,
            93436,
            93117,
            93254,
            93460,
            93455,
            93105,
            93001,
            93252,
            93427,
            93441,
            93013,
            93440,
            93437,
            93434,
            93463,
            93458,
            93108,
            93110,
            93111,
            93429,
            93103,
            93101,
            93109,
            93067
        ]
    },
    "Santa Clara": {
        "GEOID": 6085,
        "NAME": "Santa Clara",
        "POPULATION_2010": 1781642,
        "HOUSING_2010": 631920,
        "LAND_AREA_SQ_METER": 3341343470,
        "LAND_AREA_SQ_MILES": 1290.1,
        "LATITUDE": 37.220777000000005,
        "LONGITUD": -121.69062199999999,